{"graph": {"_type": "graph-file", "path": "media/graph/graph_summary_f4b15071e5931f95e9bb.graph.json", "sha256": "f4b15071e5931f95e9bb05317758deb2ddc1e745bdb576db07348b458eb95935", "size": 86800}, "epoch": 30, "loss": 0.10703357309103012, "accuracy": 0.9602949619293213, "val_loss": 3.0171701908111572, "val_accuracy": 0.7699999809265137, "lr": 0.00021463877055794, "_runtime": 642, "_timestamp": 1644482559, "_step": 31, "best_val_accuracy": 0.824999988079071, "best_epoch": 20, "int_test_proba": {"_type": "histogram", "values": [310, 24, 8, 10, 4, 6, 6, 6, 9, 1, 2, 5, 2, 4, 2, 1, 1, 2, 4, 2, 5, 2, 1, 9, 6, 6, 6, 4, 10, 8, 24, 310], "bins": [1.7000154730156965e-27, 0.03125, 0.0625, 0.09375, 0.125, 0.15625, 0.1875, 0.21875, 0.25, 0.28125, 0.3125, 0.34375, 0.375, 0.40625, 0.4375, 0.46875, 0.5, 0.53125, 0.5625, 0.59375, 0.625, 0.65625, 0.6875, 0.71875, 0.75, 0.78125, 0.8125, 0.84375, 0.875, 0.90625, 0.9375, 0.96875, 1.0]}, "ext_test_proba": {"_type": "histogram", "values": [612, 31, 7, 11, 6, 4, 8, 2, 4, 5, 3, 6, 7, 6, 2, 1, 1, 2, 6, 7, 6, 3, 5, 4, 2, 8, 4, 6, 11, 7, 31, 612], "bins": [2.187715291380244e-34, 0.03125, 0.0625, 0.09375, 0.125, 0.15625, 0.1875, 0.21875, 0.25, 0.28125, 0.3125, 0.34375, 0.375, 0.40625, 0.4375, 0.46875, 0.5, 0.53125, 0.5625, 0.59375, 0.625, 0.65625, 0.6875, 0.71875, 0.75, 0.78125, 0.8125, 0.84375, 0.875, 0.90625, 0.9375, 0.96875, 1.0]}, "_wandb": {"runtime": 641}}