{"graph": {"_type": "graph-file", "path": "media/graph/graph_summary_f4b15071e5931f95e9bb.graph.json", "sha256": "f4b15071e5931f95e9bb05317758deb2ddc1e745bdb576db07348b458eb95935", "size": 86800}, "epoch": 31, "loss": 0.017696449533104897, "accuracy": 0.9937606453895569, "val_loss": 0.892406702041626, "val_accuracy": 0.7699999809265137, "lr": 0.00020390682038851082, "_runtime": 666, "_timestamp": 1644483652, "_step": 32, "best_val_accuracy": 0.8299999833106995, "best_epoch": 21, "int_test_proba": {"_type": "histogram", "values": [274, 23, 20, 12, 7, 10, 10, 5, 6, 4, 9, 5, 3, 4, 3, 5, 5, 3, 4, 3, 5, 9, 4, 6, 5, 10, 10, 7, 12, 20, 23, 274], "bins": [1.4375078905004557e-08, 0.031250014901161194, 0.0625000149011612, 0.0937500149011612, 0.1250000149011612, 0.1562500149011612, 0.1875000149011612, 0.2187500149011612, 0.25, 0.28125, 0.3125, 0.34375, 0.375, 0.40625, 0.4375, 0.46875, 0.5, 0.53125, 0.5625, 0.59375, 0.625, 0.65625, 0.6875, 0.71875, 0.75, 0.78125, 0.8125, 0.84375, 0.875, 0.90625, 0.9375, 0.96875, 1.0]}, "ext_test_proba": {"_type": "histogram", "values": [494, 43, 25, 14, 21, 20, 12, 14, 5, 13, 10, 11, 11, 12, 7, 3, 3, 7, 12, 11, 11, 10, 13, 5, 14, 12, 20, 21, 14, 25, 43, 494], "bins": [1.4845252804818188e-09, 0.03125, 0.0625, 0.09375, 0.125, 0.15625, 0.1875, 0.21875, 0.25, 0.28125, 0.3125, 0.34375, 0.375, 0.40625, 0.4375, 0.46875, 0.5, 0.53125, 0.5625, 0.59375, 0.625, 0.65625, 0.6875, 0.71875, 0.75, 0.78125, 0.8125, 0.84375, 0.875, 0.90625, 0.9375, 0.96875, 1.0]}, "_wandb": {"runtime": 665}}