{"graph": {"_type": "graph-file", "path": "media/graph/graph_summary_f4b15071e5931f95e9bb.graph.json", "sha256": "f4b15071e5931f95e9bb05317758deb2ddc1e745bdb576db07348b458eb95935", "size": 86800}, "epoch": 19, "loss": 0.1200534850358963, "accuracy": 0.9574588537216187, "val_loss": 1.0837929248809814, "val_accuracy": 0.7549999952316284, "lr": 0.0003773536009248346, "_runtime": 411, "_timestamp": 1644482978, "_step": 20, "best_val_accuracy": 0.8149999976158142, "best_epoch": 9, "int_test_proba": {"_type": "histogram", "values": [315, 23, 16, 13, 4, 6, 0, 0, 3, 4, 4, 1, 3, 2, 4, 2, 2, 4, 2, 3, 1, 4, 4, 3, 0, 0, 6, 4, 13, 16, 23, 315], "bins": [9.196894981688963e-12, 0.03125, 0.0625, 0.09375, 0.125, 0.15625, 0.1875, 0.21875, 0.25, 0.28125, 0.3125, 0.34375, 0.375, 0.40625, 0.4375, 0.46875, 0.5, 0.53125, 0.5625, 0.59375, 0.625, 0.65625, 0.6875, 0.71875, 0.75, 0.78125, 0.8125, 0.84375, 0.875, 0.90625, 0.9375, 0.96875, 1.0]}, "ext_test_proba": {"_type": "histogram", "values": [482, 56, 29, 27, 17, 16, 9, 12, 9, 9, 8, 11, 4, 7, 9, 10, 10, 9, 7, 4, 11, 8, 9, 9, 12, 9, 16, 17, 27, 29, 56, 482], "bins": [2.4157058575724477e-09, 0.0312500037252903, 0.0625, 0.09375, 0.125, 0.15625, 0.1875, 0.21875, 0.25, 0.28125, 0.3125, 0.34375, 0.375, 0.40625, 0.4375, 0.46875, 0.5, 0.53125, 0.5625, 0.59375, 0.625, 0.65625, 0.6875, 0.71875, 0.75, 0.78125, 0.8125, 0.84375, 0.875, 0.90625, 0.9375, 0.96875, 1.0]}, "_wandb": {"runtime": 409}}