{"graph": {"_type": "graph-file", "path": "media/graph/graph_summary_f4b15071e5931f95e9bb.graph.json", "sha256": "f4b15071e5931f95e9bb05317758deb2ddc1e745bdb576db07348b458eb95935", "size": 86800}, "epoch": 22, "loss": 0.06720344722270966, "accuracy": 0.977311372756958, "val_loss": 1.46953547000885, "val_accuracy": 0.7549999952316284, "lr": 0.000323533546179533, "_runtime": 478, "_timestamp": 1644484135, "_step": 23, "best_val_accuracy": 0.8500000238418579, "best_epoch": 12, "int_test_proba": {"_type": "histogram", "values": [290, 18, 13, 10, 12, 6, 6, 7, 7, 4, 7, 3, 3, 4, 4, 6, 6, 4, 4, 3, 3, 7, 4, 7, 7, 6, 6, 12, 10, 13, 18, 290], "bins": [1.967731168470954e-20, 0.03125, 0.0625, 0.09375, 0.125, 0.15625, 0.1875, 0.21875, 0.25, 0.28125, 0.3125, 0.34375, 0.375, 0.40625, 0.4375, 0.46875, 0.5, 0.53125, 0.5625, 0.59375, 0.625, 0.65625, 0.6875, 0.71875, 0.75, 0.78125, 0.8125, 0.84375, 0.875, 0.90625, 0.9375, 0.96875, 1.0]}, "ext_test_proba": {"_type": "histogram", "values": [465, 52, 34, 27, 10, 13, 14, 18, 23, 4, 9, 13, 7, 10, 7, 9, 9, 7, 10, 7, 13, 9, 4, 23, 18, 14, 13, 10, 27, 34, 52, 465], "bins": [4.529365960390759e-15, 0.03125, 0.0625, 0.09375, 0.125, 0.15625, 0.1875, 0.21875, 0.25, 0.28125, 0.3125, 0.34375, 0.375, 0.40625, 0.4375, 0.46875, 0.5, 0.53125, 0.5625, 0.59375, 0.625, 0.65625, 0.6875, 0.71875, 0.75, 0.78125, 0.8125, 0.84375, 0.875, 0.90625, 0.9375, 0.96875, 1.0]}, "_wandb": {"runtime": 477}}