{"graph": {"_type": "graph-file", "path": "media/graph/graph_summary_f4b15071e5931f95e9bb.graph.json", "sha256": "f4b15071e5931f95e9bb05317758deb2ddc1e745bdb576db07348b458eb95935", "size": 86800}, "epoch": 32, "loss": 0.061795301735401154, "accuracy": 0.977311372756958, "val_loss": 0.9386337399482727, "val_accuracy": 0.800000011920929, "lr": 0.0001937114866450429, "_runtime": 673, "_timestamp": 1644484816, "_step": 33, "best_val_accuracy": 0.8650000095367432, "best_epoch": 22, "int_test_proba": {"_type": "histogram", "values": [298, 13, 17, 7, 4, 8, 11, 7, 6, 4, 6, 5, 2, 5, 2, 5, 5, 2, 5, 2, 5, 6, 4, 6, 7, 11, 8, 4, 7, 17, 13, 298], "bins": [6.169573264948195e-15, 0.03125, 0.0625, 0.09375, 0.125, 0.15625, 0.1875, 0.21875, 0.25, 0.28125, 0.3125, 0.34375, 0.375, 0.40625, 0.4375, 0.46875, 0.5, 0.53125, 0.5625, 0.59375, 0.625, 0.65625, 0.6875, 0.71875, 0.75, 0.78125, 0.8125, 0.84375, 0.875, 0.90625, 0.9375, 0.96875, 1.0]}, "ext_test_proba": {"_type": "histogram", "values": [492, 46, 28, 24, 16, 22, 9, 9, 13, 5, 9, 6, 6, 11, 8, 11, 11, 8, 11, 6, 6, 9, 5, 13, 9, 9, 22, 16, 24, 28, 46, 492], "bins": [7.412802739258789e-14, 0.03125, 0.0625, 0.09375, 0.125, 0.15625, 0.1875, 0.21875, 0.25, 0.28125, 0.3125, 0.34375, 0.375, 0.40625, 0.4375, 0.46875, 0.5, 0.53125, 0.5625, 0.59375, 0.625, 0.65625, 0.6875, 0.71875, 0.75, 0.78125, 0.8125, 0.84375, 0.875, 0.90625, 0.9375, 0.96875, 1.0]}, "_wandb": {"runtime": 671}}